Jurisdiction Slug (Do not change),Permit Type Name (Do not change),Permit Type Code (Do not change),"Energy Step Required (0, 3, 4, or 5)","Zero Carbon Step Required (0, 1, 2, 3, or 4)"
city-of-abbotsford,Small-scale/Multi-unit housing (Part 9 BCBC),low_residential,,
city-of-abbotsford,4+ Unit housing,medium_residential,,
city-of-armstrong,Small-scale/Multi-unit housing (Part 9 BCBC),low_residential,,
city-of-armstrong,4+ Unit housing,medium_residential,,
city-of-burnaby,Small-scale/Multi-unit housing (Part 9 BCBC),low_residential,,
city-of-burnaby,4+ Unit housing,medium_residential,,
city-of-campbell-river,Small-scale/Multi-unit housing (Part 9 BCBC),low_residential,,
city-of-campbell-river,4+ Unit housing,medium_residential,,
city-of-castlegar,Small-scale/Multi-unit housing (Part 9 BCBC),low_residential,,
city-of-castlegar,4+ Unit housing,medium_residential,,
city-of-chilliwack,Small-scale/Multi-unit housing (Part 9 BCBC),low_residential,,
city-of-chilliwack,4+ Unit housing,medium_residential,,
city-of-colwood,Small-scale/Multi-unit housing (Part 9 BCBC),low_residential,,
city-of-colwood,4+ Unit housing,medium_residential,,
city-of-coquitlam,Small-scale/Multi-unit housing (Part 9 BCBC),low_residential,,
city-of-coquitlam,4+ Unit housing,medium_residential,,
city-of-delta,Small-scale/Multi-unit housing (Part 9 BCBC),low_residential,,
city-of-delta,4+ Unit housing,medium_residential,,
city-of-fort-st-john,Small-scale/Multi-unit housing (Part 9 BCBC),low_residential,,
city-of-fort-st-john,4+ Unit housing,medium_residential,,
city-of-kamloops,Small-scale/Multi-unit housing (Part 9 BCBC),low_residential,,
city-of-kamloops,4+ Unit housing,medium_residential,,
city-of-kelowna,Small-scale/Multi-unit housing (Part 9 BCBC),low_residential,,
city-of-kelowna,4+ Unit housing,medium_residential,,
city-of-kimberley,Small-scale/Multi-unit housing (Part 9 BCBC),low_residential,,
city-of-kimberley,4+ Unit housing,medium_residential,,
city-of-langford,Small-scale/Multi-unit housing (Part 9 BCBC),low_residential,,
city-of-langford,4+ Unit housing,medium_residential,,
city-of-langley,Small-scale/Multi-unit housing (Part 9 BCBC),low_residential,,
city-of-langley,4+ Unit housing,medium_residential,,
city-of-maple-ridge,Small-scale/Multi-unit housing (Part 9 BCBC),low_residential,,
city-of-maple-ridge,4+ Unit housing,medium_residential,,
city-of-merritt,Small-scale/Multi-unit housing (Part 9 BCBC),low_residential,,
city-of-merritt,4+ Unit housing,medium_residential,,
city-of-mission,Small-scale/Multi-unit housing (Part 9 BCBC),low_residential,,
city-of-mission,4+ Unit housing,medium_residential,,
city-of-nanaimo,Small-scale/Multi-unit housing (Part 9 BCBC),low_residential,,
city-of-nanaimo,4+ Unit housing,medium_residential,,
city-of-parksville,Small-scale/Multi-unit housing (Part 9 BCBC),low_residential,,
city-of-parksville,4+ Unit housing,medium_residential,,
city-of-pitt-meadows,Small-scale/Multi-unit housing (Part 9 BCBC),low_residential,,
city-of-pitt-meadows,4+ Unit housing,medium_residential,,
city-of-port-alberni,Small-scale/Multi-unit housing (Part 9 BCBC),low_residential,,
city-of-port-alberni,4+ Unit housing,medium_residential,,
city-of-port-moody,Small-scale/Multi-unit housing (Part 9 BCBC),low_residential,,
city-of-port-moody,4+ Unit housing,medium_residential,,
city-of-powell-river,Small-scale/Multi-unit housing (Part 9 BCBC),low_residential,,
city-of-powell-river,4+ Unit housing,medium_residential,,
city-of-prince-george,Small-scale/Multi-unit housing (Part 9 BCBC),low_residential,,
city-of-prince-george,4+ Unit housing,medium_residential,,
city-of-prince-rupert,Small-scale/Multi-unit housing (Part 9 BCBC),low_residential,,
city-of-prince-rupert,4+ Unit housing,medium_residential,,
city-of-quesnel,Small-scale/Multi-unit housing (Part 9 BCBC),low_residential,,
city-of-quesnel,4+ Unit housing,medium_residential,,
city-of-revelstoke,Small-scale/Multi-unit housing (Part 9 BCBC),low_residential,,
city-of-revelstoke,4+ Unit housing,medium_residential,,
city-of-richmond,Small-scale/Multi-unit housing (Part 9 BCBC),low_residential,,
city-of-richmond,4+ Unit housing,medium_residential,,
city-of-salmon-arm,Small-scale/Multi-unit housing (Part 9 BCBC),low_residential,,
city-of-salmon-arm,4+ Unit housing,medium_residential,,
city-of-surrey,Small-scale/Multi-unit housing (Part 9 BCBC),low_residential,,
city-of-surrey,4+ Unit housing,medium_residential,,
city-of-terrace,Small-scale/Multi-unit housing (Part 9 BCBC),low_residential,,
city-of-terrace,4+ Unit housing,medium_residential,,
city-of-trail,Small-scale/Multi-unit housing (Part 9 BCBC),low_residential,,
city-of-trail,4+ Unit housing,medium_residential,,
city-of-vancouver,Small-scale/Multi-unit housing (Part 9 BCBC),low_residential,,
city-of-vancouver,4+ Unit housing,medium_residential,,
city-of-west-kelowna,Small-scale/Multi-unit housing (Part 9 BCBC),low_residential,,
city-of-west-kelowna,4+ Unit housing,medium_residential,,
city-of-williams-lake,Small-scale/Multi-unit housing (Part 9 BCBC),low_residential,,
city-of-williams-lake,4+ Unit housing,medium_residential,,
corporation-of-the-city-of-courtenay,Small-scale/Multi-unit housing (Part 9 BCBC),low_residential,,
corporation-of-the-city-of-courtenay,4+ Unit housing,medium_residential,,
corporation-of-the-city-of-cranbrook,Small-scale/Multi-unit housing (Part 9 BCBC),low_residential,,
corporation-of-the-city-of-cranbrook,4+ Unit housing,medium_residential,,
corporation-of-the-city-of-dawson-creek,Small-scale/Multi-unit housing (Part 9 BCBC),low_residential,,
corporation-of-the-city-of-dawson-creek,4+ Unit housing,medium_residential,,
corporation-of-the-city-of-duncan,Small-scale/Multi-unit housing (Part 9 BCBC),low_residential,,
corporation-of-the-city-of-duncan,4+ Unit housing,medium_residential,,
corporation-of-the-city-of-enderby,Small-scale/Multi-unit housing (Part 9 BCBC),low_residential,,
corporation-of-the-city-of-enderby,4+ Unit housing,medium_residential,,
corporation-of-the-city-of-fernie,Small-scale/Multi-unit housing (Part 9 BCBC),low_residential,,
corporation-of-the-city-of-fernie,4+ Unit housing,medium_residential,,
corporation-of-the-city-of-grand-forks,Small-scale/Multi-unit housing (Part 9 BCBC),low_residential,,
corporation-of-the-city-of-grand-forks,4+ Unit housing,medium_residential,,
corporation-of-the-city-of-greenwood,Small-scale/Multi-unit housing (Part 9 BCBC),low_residential,,
corporation-of-the-city-of-greenwood,4+ Unit housing,medium_residential,,
corporation-of-the-city-of-nelson,Small-scale/Multi-unit housing (Part 9 BCBC),low_residential,,
corporation-of-the-city-of-nelson,4+ Unit housing,medium_residential,,
corporation-of-the-city-of-new-westminster,Small-scale/Multi-unit housing (Part 9 BCBC),low_residential,,
corporation-of-the-city-of-new-westminster,4+ Unit housing,medium_residential,,
corporation-of-the-city-of-north-vancouver,Small-scale/Multi-unit housing (Part 9 BCBC),low_residential,,
corporation-of-the-city-of-north-vancouver,4+ Unit housing,medium_residential,,
corporation-of-the-city-of-penticton,Small-scale/Multi-unit housing (Part 9 BCBC),low_residential,,
corporation-of-the-city-of-penticton,4+ Unit housing,medium_residential,,
corporation-of-the-city-of-port-coquitlam,Small-scale/Multi-unit housing (Part 9 BCBC),low_residential,,
corporation-of-the-city-of-port-coquitlam,4+ Unit housing,medium_residential,,
corporation-of-the-city-of-rossland,Small-scale/Multi-unit housing (Part 9 BCBC),low_residential,,
corporation-of-the-city-of-rossland,4+ Unit housing,medium_residential,,
corporation-of-the-city-of-vernon,Small-scale/Multi-unit housing (Part 9 BCBC),low_residential,,
corporation-of-the-city-of-vernon,4+ Unit housing,medium_residential,,
corporation-of-the-city-of-victoria,Small-scale/Multi-unit housing (Part 9 BCBC),low_residential,,
corporation-of-the-city-of-victoria,4+ Unit housing,medium_residential,,
corporation-of-the-city-of-white-rock,Small-scale/Multi-unit housing (Part 9 BCBC),low_residential,,
corporation-of-the-city-of-white-rock,4+ Unit housing,medium_residential,,
corporation-of-the-district-of-central-saanich,Small-scale/Multi-unit housing (Part 9 BCBC),low_residential,,
corporation-of-the-district-of-central-saanich,4+ Unit housing,medium_residential,,
corporation-of-the-district-of-coldstream,Small-scale/Multi-unit housing (Part 9 BCBC),low_residential,,
corporation-of-the-district-of-coldstream,4+ Unit housing,medium_residential,,
corporation-of-the-district-of-kent,Small-scale/Multi-unit housing (Part 9 BCBC),low_residential,,
corporation-of-the-district-of-kent,4+ Unit housing,medium_residential,,
corporation-of-the-district-of-north-cowichan,Small-scale/Multi-unit housing (Part 9 BCBC),low_residential,,
corporation-of-the-district-of-north-cowichan,4+ Unit housing,medium_residential,,
corporation-of-the-district-of-north-vancouver,Small-scale/Multi-unit housing (Part 9 BCBC),low_residential,,
corporation-of-the-district-of-north-vancouver,4+ Unit housing,medium_residential,,
corporation-of-the-district-of-oak-bay,Small-scale/Multi-unit housing (Part 9 BCBC),low_residential,,
corporation-of-the-district-of-oak-bay,4+ Unit housing,medium_residential,,
corporation-of-the-district-of-peachland,Small-scale/Multi-unit housing (Part 9 BCBC),low_residential,,
corporation-of-the-district-of-peachland,4+ Unit housing,medium_residential,,
corporation-of-the-district-of-saanich,Small-scale/Multi-unit housing (Part 9 BCBC),low_residential,,
corporation-of-the-district-of-saanich,4+ Unit housing,medium_residential,,
corporation-of-the-district-of-summerland,Small-scale/Multi-unit housing (Part 9 BCBC),low_residential,,
corporation-of-the-district-of-summerland,4+ Unit housing,medium_residential,,
corporation-of-the-district-of-west-vancouver,Small-scale/Multi-unit housing (Part 9 BCBC),low_residential,,
corporation-of-the-district-of-west-vancouver,4+ Unit housing,medium_residential,,
corporation-of-the-township-of-esquimalt,Small-scale/Multi-unit housing (Part 9 BCBC),low_residential,,
corporation-of-the-township-of-esquimalt,4+ Unit housing,medium_residential,,
corporation-of-the-township-of-langley,Small-scale/Multi-unit housing (Part 9 BCBC),low_residential,,
corporation-of-the-township-of-langley,4+ Unit housing,medium_residential,,
corporation-of-the-township-of-spallumcheen,Small-scale/Multi-unit housing (Part 9 BCBC),low_residential,,
corporation-of-the-township-of-spallumcheen,4+ Unit housing,medium_residential,,
corporation-of-the-village-of-alert-bay,Small-scale/Multi-unit housing (Part 9 BCBC),low_residential,,
corporation-of-the-village-of-alert-bay,4+ Unit housing,medium_residential,,
corporation-of-the-village-of-ashcroft,Small-scale/Multi-unit housing (Part 9 BCBC),low_residential,,
corporation-of-the-village-of-ashcroft,4+ Unit housing,medium_residential,,
corporation-of-the-village-of-burns-lake,Small-scale/Multi-unit housing (Part 9 BCBC),low_residential,,
corporation-of-the-village-of-burns-lake,4+ Unit housing,medium_residential,,
corporation-of-the-village-of-cumberland,Small-scale/Multi-unit housing (Part 9 BCBC),low_residential,,
corporation-of-the-village-of-cumberland,4+ Unit housing,medium_residential,,
corporation-of-the-village-of-fruitvale,Small-scale/Multi-unit housing (Part 9 BCBC),low_residential,,
corporation-of-the-village-of-fruitvale,4+ Unit housing,medium_residential,,
corporation-of-the-village-of-hazelton,Small-scale/Multi-unit housing (Part 9 BCBC),low_residential,,
corporation-of-the-village-of-hazelton,4+ Unit housing,medium_residential,,
corporation-of-the-village-of-keremeos,Small-scale/Multi-unit housing (Part 9 BCBC),low_residential,,
corporation-of-the-village-of-keremeos,4+ Unit housing,medium_residential,,
corporation-of-the-village-of-lumby,Small-scale/Multi-unit housing (Part 9 BCBC),low_residential,,
corporation-of-the-village-of-lumby,4+ Unit housing,medium_residential,,
corporation-of-the-village-of-lytton,Small-scale/Multi-unit housing (Part 9 BCBC),low_residential,,
corporation-of-the-village-of-lytton,4+ Unit housing,medium_residential,,
corporation-of-the-village-of-mcbride,Small-scale/Multi-unit housing (Part 9 BCBC),low_residential,,
corporation-of-the-village-of-mcbride,4+ Unit housing,medium_residential,,
corporation-of-the-village-of-montrose,Small-scale/Multi-unit housing (Part 9 BCBC),low_residential,,
corporation-of-the-village-of-montrose,4+ Unit housing,medium_residential,,
corporation-of-the-village-of-new-denver,Small-scale/Multi-unit housing (Part 9 BCBC),low_residential,,
corporation-of-the-village-of-new-denver,4+ Unit housing,medium_residential,,
corporation-of-the-village-of-pouce-coupe,Small-scale/Multi-unit housing (Part 9 BCBC),low_residential,,
corporation-of-the-village-of-pouce-coupe,4+ Unit housing,medium_residential,,
corporation-of-the-village-of-salmo,Small-scale/Multi-unit housing (Part 9 BCBC),low_residential,,
corporation-of-the-village-of-salmo,4+ Unit housing,medium_residential,,
corporation-of-the-village-of-silverton,Small-scale/Multi-unit housing (Part 9 BCBC),low_residential,,
corporation-of-the-village-of-silverton,4+ Unit housing,medium_residential,,
corporation-of-the-village-of-telkwa,Small-scale/Multi-unit housing (Part 9 BCBC),low_residential,,
corporation-of-the-village-of-telkwa,4+ Unit housing,medium_residential,,
corporation-of-the-village-of-warfield,Small-scale/Multi-unit housing (Part 9 BCBC),low_residential,,
corporation-of-the-village-of-warfield,4+ Unit housing,medium_residential,,
corporation-of-the-village-of-zeballos,Small-scale/Multi-unit housing (Part 9 BCBC),low_residential,,
corporation-of-the-village-of-zeballos,4+ Unit housing,medium_residential,,
district-of-100-mile-house,Small-scale/Multi-unit housing (Part 9 BCBC),low_residential,,
district-of-100-mile-house,4+ Unit housing,medium_residential,,
district-of-barriere,Small-scale/Multi-unit housing (Part 9 BCBC),low_residential,,
district-of-barriere,4+ Unit housing,medium_residential,,
district-of-chetwynd,Small-scale/Multi-unit housing (Part 9 BCBC),low_residential,,
district-of-chetwynd,4+ Unit housing,medium_residential,,
district-of-clearwater,Small-scale/Multi-unit housing (Part 9 BCBC),low_residential,,
district-of-clearwater,4+ Unit housing,medium_residential,,
district-of-elkford,Small-scale/Multi-unit housing (Part 9 BCBC),low_residential,,
district-of-elkford,4+ Unit housing,medium_residential,,
district-of-fort-st-james,Small-scale/Multi-unit housing (Part 9 BCBC),low_residential,,
district-of-fort-st-james,4+ Unit housing,medium_residential,,
district-of-highlands,Small-scale/Multi-unit housing (Part 9 BCBC),low_residential,,
district-of-highlands,4+ Unit housing,medium_residential,,
district-of-hope,Small-scale/Multi-unit housing (Part 9 BCBC),low_residential,,
district-of-hope,4+ Unit housing,medium_residential,,
district-of-houston,Small-scale/Multi-unit housing (Part 9 BCBC),low_residential,,
district-of-houston,4+ Unit housing,medium_residential,,
district-of-hudson-s-hope,Small-scale/Multi-unit housing (Part 9 BCBC),low_residential,,
district-of-hudson-s-hope,4+ Unit housing,medium_residential,,
district-of-invermere,Small-scale/Multi-unit housing (Part 9 BCBC),low_residential,,
district-of-invermere,4+ Unit housing,medium_residential,,
district-of-kitimat,Small-scale/Multi-unit housing (Part 9 BCBC),low_residential,,
district-of-kitimat,4+ Unit housing,medium_residential,,
district-of-lake-country,Small-scale/Multi-unit housing (Part 9 BCBC),low_residential,,
district-of-lake-country,4+ Unit housing,medium_residential,,
district-of-lantzville,Small-scale/Multi-unit housing (Part 9 BCBC),low_residential,,
district-of-lantzville,4+ Unit housing,medium_residential,,
district-of-lillooet,Small-scale/Multi-unit housing (Part 9 BCBC),low_residential,,
district-of-lillooet,4+ Unit housing,medium_residential,,
district-of-logan-lake,Small-scale/Multi-unit housing (Part 9 BCBC),low_residential,,
district-of-logan-lake,4+ Unit housing,medium_residential,,
district-of-mackenzie,Small-scale/Multi-unit housing (Part 9 BCBC),low_residential,,
district-of-mackenzie,4+ Unit housing,medium_residential,,
district-of-metchosin,Small-scale/Multi-unit housing (Part 9 BCBC),low_residential,,
district-of-metchosin,4+ Unit housing,medium_residential,,
district-of-new-hazelton,Small-scale/Multi-unit housing (Part 9 BCBC),low_residential,,
district-of-new-hazelton,4+ Unit housing,medium_residential,,
district-of-north-saanich,Small-scale/Multi-unit housing (Part 9 BCBC),low_residential,,
district-of-north-saanich,4+ Unit housing,medium_residential,,
district-of-port-edward,Small-scale/Multi-unit housing (Part 9 BCBC),low_residential,,
district-of-port-edward,4+ Unit housing,medium_residential,,
district-of-port-hardy,Small-scale/Multi-unit housing (Part 9 BCBC),low_residential,,
district-of-port-hardy,4+ Unit housing,medium_residential,,
district-of-sechelt,Small-scale/Multi-unit housing (Part 9 BCBC),low_residential,,
district-of-sechelt,4+ Unit housing,medium_residential,,
district-of-sechelt-indian-government,Small-scale/Multi-unit housing (Part 9 BCBC),low_residential,,
district-of-sechelt-indian-government,4+ Unit housing,medium_residential,,
district-of-sicamous,Small-scale/Multi-unit housing (Part 9 BCBC),low_residential,,
district-of-sicamous,4+ Unit housing,medium_residential,,
district-of-sooke,Small-scale/Multi-unit housing (Part 9 BCBC),low_residential,,
district-of-sooke,4+ Unit housing,medium_residential,,
district-of-sparwood,Small-scale/Multi-unit housing (Part 9 BCBC),low_residential,,
district-of-sparwood,4+ Unit housing,medium_residential,,
district-of-squamish,Small-scale/Multi-unit housing (Part 9 BCBC),low_residential,,
district-of-squamish,4+ Unit housing,medium_residential,,
district-of-stewart,Small-scale/Multi-unit housing (Part 9 BCBC),low_residential,,
district-of-stewart,4+ Unit housing,medium_residential,,
district-of-taylor,Small-scale/Multi-unit housing (Part 9 BCBC),low_residential,,
district-of-taylor,4+ Unit housing,medium_residential,,
district-of-tofino,Small-scale/Multi-unit housing (Part 9 BCBC),low_residential,,
district-of-tofino,4+ Unit housing,medium_residential,,
district-of-tumbler-ridge,Small-scale/Multi-unit housing (Part 9 BCBC),low_residential,,
district-of-tumbler-ridge,4+ Unit housing,medium_residential,,
district-of-ucluelet,Small-scale/Multi-unit housing (Part 9 BCBC),low_residential,,
district-of-ucluelet,4+ Unit housing,medium_residential,,
district-of-vanderhoof,Small-scale/Multi-unit housing (Part 9 BCBC),low_residential,,
district-of-vanderhoof,4+ Unit housing,medium_residential,,
district-of-wells,Small-scale/Multi-unit housing (Part 9 BCBC),low_residential,,
district-of-wells,4+ Unit housing,medium_residential,,
first-nation-of-musqueam-indian-band-x-muzk-i-um,Small-scale/Multi-unit housing (Part 9 BCBC),low_residential,,
first-nation-of-musqueam-indian-band-x-muzk-i-um,4+ Unit housing,medium_residential,,
first-nation-of-tsleil-waututh-nation,Small-scale/Multi-unit housing (Part 9 BCBC),low_residential,,
first-nation-of-tsleil-waututh-nation,4+ Unit housing,medium_residential,,
municipality-of-bowen-island,Small-scale/Multi-unit housing (Part 9 BCBC),low_residential,,
municipality-of-bowen-island,4+ Unit housing,medium_residential,,
regional-district-of-alberni-clayoquot,Small-scale/Multi-unit housing (Part 9 BCBC),low_residential,,
regional-district-of-alberni-clayoquot,4+ Unit housing,medium_residential,,
regional-district-of-bulkley-nechako,Small-scale/Multi-unit housing (Part 9 BCBC),low_residential,,
regional-district-of-bulkley-nechako,4+ Unit housing,medium_residential,,
regional-district-of-cariboo,Small-scale/Multi-unit housing (Part 9 BCBC),low_residential,,
regional-district-of-cariboo,4+ Unit housing,medium_residential,,
regional-district-of-central-coast,Small-scale/Multi-unit housing (Part 9 BCBC),low_residential,,
regional-district-of-central-coast,4+ Unit housing,medium_residential,,
regional-district-of-central-kootenay,Small-scale/Multi-unit housing (Part 9 BCBC),low_residential,,
regional-district-of-central-kootenay,4+ Unit housing,medium_residential,,
regional-district-of-central-okanagan,Small-scale/Multi-unit housing (Part 9 BCBC),low_residential,,
regional-district-of-central-okanagan,4+ Unit housing,medium_residential,,
regional-district-of-columbia-shuswap,Small-scale/Multi-unit housing (Part 9 BCBC),low_residential,,
regional-district-of-columbia-shuswap,4+ Unit housing,medium_residential,,
regional-district-of-comox-valley,Small-scale/Multi-unit housing (Part 9 BCBC),low_residential,,
regional-district-of-comox-valley,4+ Unit housing,medium_residential,,
regional-district-of-cowichan-valley,Small-scale/Multi-unit housing (Part 9 BCBC),low_residential,,
regional-district-of-cowichan-valley,4+ Unit housing,medium_residential,,
regional-district-of-east-kootenay,Small-scale/Multi-unit housing (Part 9 BCBC),low_residential,,
regional-district-of-east-kootenay,4+ Unit housing,medium_residential,,
regional-district-of-fraser-fort-george,Small-scale/Multi-unit housing (Part 9 BCBC),low_residential,,
regional-district-of-fraser-fort-george,4+ Unit housing,medium_residential,,
regional-district-of-fraser-valley,Small-scale/Multi-unit housing (Part 9 BCBC),low_residential,,
regional-district-of-fraser-valley,4+ Unit housing,medium_residential,,
regional-district-of-kitimat-stikine,Small-scale/Multi-unit housing (Part 9 BCBC),low_residential,,
regional-district-of-kitimat-stikine,4+ Unit housing,medium_residential,,
regional-district-of-kootenay-boundary,Small-scale/Multi-unit housing (Part 9 BCBC),low_residential,,
regional-district-of-kootenay-boundary,4+ Unit housing,medium_residential,,
regional-district-of-metro-vancouver,Small-scale/Multi-unit housing (Part 9 BCBC),low_residential,,
regional-district-of-metro-vancouver,4+ Unit housing,medium_residential,,
regional-district-of-mount-waddington,Small-scale/Multi-unit housing (Part 9 BCBC),low_residential,,
regional-district-of-mount-waddington,4+ Unit housing,medium_residential,,
regional-district-of-nanaimo,Small-scale/Multi-unit housing (Part 9 BCBC),low_residential,,
regional-district-of-nanaimo,4+ Unit housing,medium_residential,,
regional-district-of-north-coast,Small-scale/Multi-unit housing (Part 9 BCBC),low_residential,,
regional-district-of-north-coast,4+ Unit housing,medium_residential,,
regional-district-of-north-okanagan,Small-scale/Multi-unit housing (Part 9 BCBC),low_residential,,
regional-district-of-north-okanagan,4+ Unit housing,medium_residential,,
regional-district-of-okanagan-similkameen,Small-scale/Multi-unit housing (Part 9 BCBC),low_residential,,
regional-district-of-okanagan-similkameen,4+ Unit housing,medium_residential,,
regional-district-of-peace-river,Small-scale/Multi-unit housing (Part 9 BCBC),low_residential,,
regional-district-of-peace-river,4+ Unit housing,medium_residential,,
regional-district-of-qathet,Small-scale/Multi-unit housing (Part 9 BCBC),low_residential,,
regional-district-of-qathet,4+ Unit housing,medium_residential,,
regional-district-of-squamish-lillooet,Small-scale/Multi-unit housing (Part 9 BCBC),low_residential,,
regional-district-of-squamish-lillooet,4+ Unit housing,medium_residential,,
regional-district-of-strathcona,Small-scale/Multi-unit housing (Part 9 BCBC),low_residential,,
regional-district-of-strathcona,4+ Unit housing,medium_residential,,
regional-district-of-sunshine-coast,Small-scale/Multi-unit housing (Part 9 BCBC),low_residential,,
regional-district-of-sunshine-coast,4+ Unit housing,medium_residential,,
regional-district-of-the-capital,Small-scale/Multi-unit housing (Part 9 BCBC),low_residential,,
regional-district-of-the-capital,4+ Unit housing,medium_residential,,
regional-district-of-thompson-nicola,Small-scale/Multi-unit housing (Part 9 BCBC),low_residential,,
regional-district-of-thompson-nicola,4+ Unit housing,medium_residential,,
regional-municipality-of-northern-rockies,Small-scale/Multi-unit housing (Part 9 BCBC),low_residential,,
regional-municipality-of-northern-rockies,4+ Unit housing,medium_residential,,
resort-municipality-of-sun-peaks-mountain,Small-scale/Multi-unit housing (Part 9 BCBC),low_residential,,
resort-municipality-of-sun-peaks-mountain,4+ Unit housing,medium_residential,,
resort-municipality-of-whistler,Small-scale/Multi-unit housing (Part 9 BCBC),low_residential,,
resort-municipality-of-whistler,4+ Unit housing,medium_residential,,
town-of-comox,Small-scale/Multi-unit housing (Part 9 BCBC),low_residential,,
town-of-comox,4+ Unit housing,medium_residential,,
town-of-creston,Small-scale/Multi-unit housing (Part 9 BCBC),low_residential,,
town-of-creston,4+ Unit housing,medium_residential,,
town-of-gibsons,Small-scale/Multi-unit housing (Part 9 BCBC),low_residential,,
town-of-gibsons,4+ Unit housing,medium_residential,,
town-of-golden,Small-scale/Multi-unit housing (Part 9 BCBC),low_residential,,
town-of-golden,4+ Unit housing,medium_residential,,
town-of-ladysmith,Small-scale/Multi-unit housing (Part 9 BCBC),low_residential,,
town-of-ladysmith,4+ Unit housing,medium_residential,,
town-of-lake-cowichan,Small-scale/Multi-unit housing (Part 9 BCBC),low_residential,,
town-of-lake-cowichan,4+ Unit housing,medium_residential,,
town-of-oliver,Small-scale/Multi-unit housing (Part 9 BCBC),low_residential,,
town-of-oliver,4+ Unit housing,medium_residential,,
town-of-osoyoos,Small-scale/Multi-unit housing (Part 9 BCBC),low_residential,,
town-of-osoyoos,4+ Unit housing,medium_residential,,
town-of-port-mcneill,Small-scale/Multi-unit housing (Part 9 BCBC),low_residential,,
town-of-port-mcneill,4+ Unit housing,medium_residential,,
town-of-princeton,Small-scale/Multi-unit housing (Part 9 BCBC),low_residential,,
town-of-princeton,4+ Unit housing,medium_residential,,
town-of-qualicum-beach,Small-scale/Multi-unit housing (Part 9 BCBC),low_residential,,
town-of-qualicum-beach,4+ Unit housing,medium_residential,,
town-of-sidney,Small-scale/Multi-unit housing (Part 9 BCBC),low_residential,,
town-of-sidney,4+ Unit housing,medium_residential,,
town-of-smithers,Small-scale/Multi-unit housing (Part 9 BCBC),low_residential,,
town-of-smithers,4+ Unit housing,medium_residential,,
town-of-view-royal,Small-scale/Multi-unit housing (Part 9 BCBC),low_residential,,
town-of-view-royal,4+ Unit housing,medium_residential,,
village-of-anmore,Small-scale/Multi-unit housing (Part 9 BCBC),low_residential,,
village-of-anmore,4+ Unit housing,medium_residential,,
village-of-belcarra,Small-scale/Multi-unit housing (Part 9 BCBC),low_residential,,
village-of-belcarra,4+ Unit housing,medium_residential,,
village-of-cache-creek,Small-scale/Multi-unit housing (Part 9 BCBC),low_residential,,
village-of-cache-creek,4+ Unit housing,medium_residential,,
village-of-canal-flats,Small-scale/Multi-unit housing (Part 9 BCBC),low_residential,,
village-of-canal-flats,4+ Unit housing,medium_residential,,
village-of-chase,Small-scale/Multi-unit housing (Part 9 BCBC),low_residential,,
village-of-chase,4+ Unit housing,medium_residential,,
village-of-clinton,Small-scale/Multi-unit housing (Part 9 BCBC),low_residential,,
village-of-clinton,4+ Unit housing,medium_residential,,
village-of-daajing-giids,Small-scale/Multi-unit housing (Part 9 BCBC),low_residential,,
village-of-daajing-giids,4+ Unit housing,medium_residential,,
village-of-fraser-lake,Small-scale/Multi-unit housing (Part 9 BCBC),low_residential,,
village-of-fraser-lake,4+ Unit housing,medium_residential,,
village-of-gold-river,Small-scale/Multi-unit housing (Part 9 BCBC),low_residential,,
village-of-gold-river,4+ Unit housing,medium_residential,,
village-of-granisle,Small-scale/Multi-unit housing (Part 9 BCBC),low_residential,,
village-of-granisle,4+ Unit housing,medium_residential,,
village-of-harrison-hot-springs,Small-scale/Multi-unit housing (Part 9 BCBC),low_residential,,
village-of-harrison-hot-springs,4+ Unit housing,medium_residential,,
village-of-kaslo,Small-scale/Multi-unit housing (Part 9 BCBC),low_residential,,
village-of-kaslo,4+ Unit housing,medium_residential,,
village-of-lions-bay,Small-scale/Multi-unit housing (Part 9 BCBC),low_residential,,
village-of-lions-bay,4+ Unit housing,medium_residential,,
village-of-masset,Small-scale/Multi-unit housing (Part 9 BCBC),low_residential,,
village-of-masset,4+ Unit housing,medium_residential,,
village-of-midway,Small-scale/Multi-unit housing (Part 9 BCBC),low_residential,,
village-of-midway,4+ Unit housing,medium_residential,,
village-of-nakusp,Small-scale/Multi-unit housing (Part 9 BCBC),low_residential,,
village-of-nakusp,4+ Unit housing,medium_residential,,
village-of-pemberton,Small-scale/Multi-unit housing (Part 9 BCBC),low_residential,,
village-of-pemberton,4+ Unit housing,medium_residential,,
village-of-port-alice,Small-scale/Multi-unit housing (Part 9 BCBC),low_residential,,
village-of-port-alice,4+ Unit housing,medium_residential,,
village-of-port-clements,Small-scale/Multi-unit housing (Part 9 BCBC),low_residential,,
village-of-port-clements,4+ Unit housing,medium_residential,,
village-of-radium-hot-springs,Small-scale/Multi-unit housing (Part 9 BCBC),low_residential,,
village-of-radium-hot-springs,4+ Unit housing,medium_residential,,
village-of-sayward,Small-scale/Multi-unit housing (Part 9 BCBC),low_residential,,
village-of-sayward,4+ Unit housing,medium_residential,,
village-of-slocan,Small-scale/Multi-unit housing (Part 9 BCBC),low_residential,,
village-of-slocan,4+ Unit housing,medium_residential,,
village-of-tahsis,Small-scale/Multi-unit housing (Part 9 BCBC),low_residential,,
village-of-tahsis,4+ Unit housing,medium_residential,,
village-of-valemount,Small-scale/Multi-unit housing (Part 9 BCBC),low_residential,,
village-of-valemount,4+ Unit housing,medium_residential,,
